"text","id","created_at","war"
"our capital @Kyiv is proud, and for a good reason https://t.co/oBgd9MMSHW","1540740170776846339","2022-06-25T16:54:16.000Z",TRUE
"they said â€˜yesâ€™, 27 times ğŸ‡ºğŸ‡¦ğŸ‡ªğŸ‡º","1540064352618815490","2022-06-23T20:08:49.000Z",TRUE
"Fellow Ukrainians in Melitopol! Russian occupation is temporary. Ukraine has not forgotten you. Ukraine fights and will soon be back!

Melitopol is ğŸ’›ğŸ’™

art by Marichka Ruban
https://t.co/htfgEYKQN8 https://t.co/jxK1AovcX8","1536634128673689600","2022-06-14T08:58:20.000Z",TRUE
"start your week by bringing Ukrainian victory closer âœŒï¸ğŸ‡ºğŸ‡¦

1. go to UNITED24 https://t.co/lA8zsnsnbY
2. choose: defence and demining, medical aid or rebuilding Ukraine
3. donate in one click
4. share (tag a rich friendğŸ˜)
5. be sure: a donation a day keeps Russian invaders away!","1536403861224792065","2022-06-13T17:43:20.000Z",TRUE
"Fellow Ukrainians in the areas temporarily occupied by Russia: Ukraine misses you, Ukraine fights for you, Ukraine will soon be back!

Kherson is Ukraine ğŸ’›ğŸ’™

art by Marichka Ruban
https://t.co/pVefpnzMTl https://t.co/9HXjtuxfxF","1536258685663576069","2022-06-13T08:06:27.000Z",TRUE
"which side are you on?

      ğŸ‡ºğŸ‡¦                      ğŸ‡·ğŸ‡º 

democracy        dictatorship
civil society       cult of personality
humanity           war crimes
diversity             hatred
facts                   fakes
defense              aggression

...add your items to the list","1534832733637287936","2022-06-09T09:40:14.000Z",TRUE
"Ukrainians in territories temporarily occupied by Russia resist invaders and reject their rule. We honor their bravery and want each one of them to know: Ukraine admires you, Ukraine misses you, Ukraine will be back!

ğŸ¥: â¦â¦@brave_uaâ© ğŸ‡ºğŸ‡¦â© https://t.co/mJvvVy8DQu","1533743089856270336","2022-06-06T09:30:22.000Z",TRUE
"STRONG THANKS FROM UKRAINE

to ALL of our partners, organizations, and friends around the globe

THANK YOU for standing by the people of Ukraine

together we will win ğŸ‡ºğŸ‡¦âœŒï¸

ğŸ¥: â¦@BandaAgencyâ© https://t.co/IaauAR8dVA","1532738048479436800","2022-06-03T14:56:42.000Z",TRUE
"100 days ago Russia aimed to destroy us in a matter of days. Today, we keep standing tall and destroying the invaders.

Keep supporting Ukraine!
We will prevail ğŸ‡ºğŸ‡¦âœŠğŸ¼
#StandWithUkraine #ArmUkraineNOW
art by Nikita Titov https://t.co/lLQrKfyJAs","1532625810179366913","2022-06-03T07:30:42.000Z",TRUE
"#ArmUkraineNow https://t.co/1pFBylT3cX","1530979763803799552","2022-05-29T18:29:54.000Z",TRUE
"World leaders &amp; stars gather today in Kyiv and Berlin with one goal: 19 surgical C-arm X-ray machines for Ukraine. 

Join today our charity telethon, enjoy best of the best of #UkiebeatsğŸ¶ &amp; #StandWithUkraine!

Learn more: https://t.co/palIGHyQVL

Donate: https://t.co/1TAEtXrKdH https://t.co/Gk0FKpOFf7","1530928080277192704","2022-05-29T15:04:32.000Z",TRUE
"ğŸ“¸ğŸ“·: Imagebank https://t.co/1ce8ZJ144F, Bohdan Susol, Maksym Tymchuk, Nikita Yerenyev/Depositphotos, Anton Borodachevâ€™s blog","1530893794740256770","2022-05-29T12:48:17.000Z",TRUE
"Greetings to our brave and free capital @Kyiv on its day ğŸ‡ºğŸ‡¦âœŒï¸ https://t.co/ptm1zP2URb https://t.co/W8Y1UEySNi","1530893376735821824","2022-05-29T12:46:38.000Z",TRUE
"@StephenKing Glory to the heroes! 
thanks, @StephenKing ğŸ‡ºğŸ‡¦âœŠğŸ¼","1530651365994815499","2022-05-28T20:44:58.000Z",TRUE
"@Lithuania bestie ğŸ¤œğŸ¤›","1530629309785853953","2022-05-28T19:17:19.000Z",TRUE
"Simply wow, @Lithuania ğŸ’›ğŸ’šâ¤ï¸ 
We will never forget what you did for us on so many fronts. AÄiÅ« to every Lithuanian who donated, your present will be put to good use ğŸ˜ https://t.co/vL686yLmra","1530627598593695746","2022-05-28T19:10:31.000Z",TRUE
"https://t.co/Sxjzolvup2","1530612227350401026","2022-05-28T18:09:27.000Z",TRUE
"Best Vyshyvanka Day greetings from our deminer star Patron The Dog ğŸ¶ https://t.co/ShTPu8q60L","1527256230904725505","2022-05-19T11:53:55.000Z",TRUE
"#OTD in 1944 Stalin forcefully deported 200k Crimean Tatars from their native @Crimea. Many of them died. Since 2014, Russia has been forcing Crimean Tatars out again, persecuting them, and now it deports people from all over the occupied territories. Unpunished evil as it is.","1527020314584043520","2022-05-18T20:16:28.000Z",TRUE
"Official Mother Stefania video by KALUSH Orchestra. To all Ukrainian mothers who go through this horrible war.

227 Ukrainian children have already been killed by Russian monsters, many more injured physically and mentally.

Ukraine will prevail. For every child and every mother. https://t.co/Syd8nMlnuN","1525768621380755456","2022-05-15T09:22:41.000Z",TRUE
"@thisisFINLAND @Eurovision kiitos, Suomi ğŸ¤ğŸ’™","1525623426488188929","2022-05-14T23:45:44.000Z",TRUE
"@thisisFINLAND kiitos suomalaiset ystÃ¤vÃ¤t ğŸ¤ğŸ’™","1525621729443336197","2022-05-14T23:38:59.000Z",TRUE
"@Lithuania aÄiÅ« dear, dear friends ğŸ‡±ğŸ‡¹ 
#MonikaLiu was great ğŸ’›ğŸ’šâ¤ï¸ https://t.co/Ej4KdlpaOa","1525620624835678214","2022-05-14T23:34:36.000Z",TRUE
"you have melted our hearts, friends #Eurovision ğŸ’›ğŸ’™...

...and it matters the world to us during this time ğŸ’”

we send all your love and support to our brave freedom defenders at Azovstal and along the frontline

congrats, KALUSH Orchestra ğŸ†ğŸ‡ºğŸ‡¦ 

#SaveMariupol #SaveAzovstal https://t.co/Vt7WzpMHFQ","1525612438661615617","2022-05-14T23:02:04.000Z",TRUE
"ğŸ‡ºğŸ‡¦ğŸ¤ğŸ‡ºğŸ‡¸ https://t.co/a64YG9qHmZ","1523765028796911616","2022-05-09T20:41:07.000Z",TRUE
"@CurlyBasta not sure ğŸ¤”","1523653632285024263","2022-05-09T13:18:28.000Z",TRUE
"many thanks to @eucopresident @CharlesMichel for his continued support of Ukraine and welcome to Odesa ğŸ‡ºğŸ‡¦","1523650362086895617","2022-05-09T13:05:29.000Z",TRUE
"our PM on the right https://t.co/ZTdhmGYULI","1523649257349140481","2022-05-09T13:01:05.000Z",TRUE
"victory parody https://t.co/6vM0hEWTp3","1523574072990261248","2022-05-09T08:02:20.000Z",TRUE
"When the night has comeâ€¦ 

â€¦@U2 stands by U. 

Kyiv, Khreshchatyk metro station, 8 May 2022 https://t.co/JI2G7Uccoo","1523370733560373250","2022-05-08T18:34:20.000Z",TRUE
"thanks to @vitscheberlin &amp; @pileckiinstitut for this piece of video art ğŸ‡ºğŸ‡¦","1522625169554092032","2022-05-06T17:11:44.000Z",TRUE
"where thereâ€™s a tractor, thereâ€™s a way https://t.co/CVX7EeF1Zf","1522625050607767558","2022-05-06T17:11:15.000Z",TRUE
"Happy Showa Day to our partners and friends in @Japan. Arigato for your support of Ukraine during these difficult times ğŸ‡ºğŸ‡¦ğŸ‡¯ğŸ‡µ 

ğŸ¨ Hayao Miyazaki-style works by Ukrainian artist Yuliya Tveritina https://t.co/X7hHTZcH80","1519710039195504640","2022-04-28T16:08:02.000Z",TRUE
"On this day in 1986, Soviet lies led to Chornobyl disaster, the worst nuclear catastrophe in history. Today Russia, the successor of Soviet lies and brutality, threatens the entire world again. #ArmUkraineNow and help us defeat the Empire of Lies. https://t.co/zrfIbWwcTP","1519047156031762434","2022-04-26T20:13:59.000Z",TRUE
"@nytimes ruscism 101 ğŸ‘‡ https://t.co/dvy7Pyptj3","1518334331898454016","2022-04-24T21:01:28.000Z",TRUE
"Our sincere apologies for making a mistake in the previous version of the video. We had no intention to offend the friendly people of Japan ğŸ‡ºğŸ‡¦ğŸ‡¯ğŸ‡µ. In the new video above we have corrected the mistake. https://t.co/rB3RkR6V4k","1518240707609341954","2022-04-24T14:49:26.000Z",TRUE
"@SatoMasahisa Our sincere apologies to @japan for this mistake. We had no intention to offend the friendly people of Japan. 
ğŸ‡ºğŸ‡¦ğŸ‡¯ğŸ‡µ 

We have corrected it and posted the new video here: https://t.co/dvy7Pyptj3","1518221001762426883","2022-04-24T13:31:08.000Z",TRUE
"we will fight ruscism, here and now 
âœŠğŸ‡ºğŸ‡¦ https://t.co/V92TT6K7LV","1518217114766696449","2022-04-24T13:15:41.000Z",TRUE
"Happy Easter to everyone celebrating today. Light will prevail over darkness. Life will prevail over death. Ukraine will prevail. Amen. https://t.co/4mALEc5Iz5","1518132278823686146","2022-04-24T07:38:35.000Z",TRUE
"â˜‘ï¸ SOLD: 5 mln hryvnas (~USD 170k) have been transferred to the Armed Forces of Ukraine. 

p.s. wait for new lots when the next occasion arises: ğŸ›¶â›´ğŸšâœˆï¸ğŸ›¸ğŸ°â€¦ https://t.co/alHtbCPrbK","1517561697480978432","2022-04-22T17:51:18.000Z",TRUE
"@cougarod Ñ†Ğµ ĞºÑ–Ğ±ĞµÑ€Ğ¿Ğ°Ğ½Ñ‰Ğ¸Ğ½Ğ°","1517181174703079426","2022-04-21T16:39:14.000Z",TRUE
"ğŸ“·: @den_kazansky","1517180240929476609","2022-04-21T16:35:31.000Z",TRUE
"â€œStarlink connection is available next to the village council.

working hours: 
9 to 10:30 am, 3 to 4:30 pm

password: 27031995â€

...just your local Ukrainian guide to @elonmuskâ€™s helpful device in Katyuzhanka village, Kyiv region ğŸ™ƒ https://t.co/c8b7zdjMtf","1517179988365217792","2022-04-21T16:34:31.000Z",TRUE
"Putin telling truth, huh? Well, we tried to imagine what heâ€™d say if he did. 

Created by ADC*UA, Gvardiya Production House and AI startup Reface. @reface_app @Gvardiya_ph ğŸ‘ #ArmUkraineNow https://t.co/6P0Fz3h4uR","1517119052904374272","2022-04-21T12:32:23.000Z",TRUE
"Thank you @Slash ğŸ’›ğŸ’™ for helping us get the guns. So that we can also have the roses to celebrate our victory later. #ArmUkraineNow https://t.co/pHonECSjuo","1516889798711160832","2022-04-20T21:21:25.000Z",TRUE
"President â¦@ZelenskyyUaâ© calls for action:

1. Post a picture with an #ArmUkraineNow sign
2. Call on your government to provide heavy weapons to Ukraine
3. Tag three friends and ask them to join

#ArmUkraineNow so that we have the tools to stop Russia and its war crimes! https://t.co/JR8umvreQI","1516869521788882944","2022-04-20T20:00:50.000Z",TRUE
"special thanks to TS/D Agency for this wonderful piece of 3D art

follow them hereğŸ‘‡

ig: tsd_agency","1516702505408909313","2022-04-20T08:57:10.000Z",TRUE
"our followers suggest expanding the list:

ğŸ¾ air-to-surface alcohol
ğŸ§º frontline washing machines

what would you add? suggest items in replies","1516697286729945089","2022-04-20T08:36:26.000Z",TRUE
"Russian soldiers liberated thousands of Ukrainian homes from:

ğŸš½ combat toilets
ğŸ“º armored TV-sets
ğŸ’» fighting laptops
ğŸ§ tactical earphones
ğŸ‘•ğŸ‘ŸğŸ‘™ clothes
ğŸ’„ makeup

...and thousands of other dangerous NATO items...

Let their deeds be forever remembered ğŸ¥€ğŸ¥€ https://t.co/1dZAMxsT3F","1516694632608014336","2022-04-20T08:25:53.000Z",TRUE
"@Milnoc @justamarylander @ukrposhta interesting idea btw ğŸ¤”

no mystery tho: weâ€™ve just corrected a mistake (â€˜21stâ€™ instead of â€˜21thâ€™ğŸ™ˆ)","1516506878020362250","2022-04-19T19:59:49.000Z",TRUE
"Russian warship actually went and f***ed itself as recommended.

@ukrposhta dedicated a famous postal stamp to this historic phrase. Now a complete set with envelopes signed by the phraseâ€™s author is up for auction.

To take part, apply until April 21st: https://t.co/nkTSrHou7a https://t.co/7OnQEjORfK","1516487744280748038","2022-04-19T18:43:47.000Z",TRUE
"Go raibh maith agat as an tacaÃ­ocht, Ã‰ire! https://t.co/wpxxo1Kx2F","1515993014199586819","2022-04-18T09:57:55.000Z",TRUE
"Mariupol had lived in peace before Russia invaded, ruined 95% of the city by heavy bombardment, and killed thousands of people. Ukrainian forces still hold on. Wounded and dead need evacuation. So are thousands of civilians, including kids and elderly. People lack food and water.","1515783801456181259","2022-04-17T20:06:34.000Z",TRUE
"@Lithuania @E_Stanionis well done ğŸ’ªğŸ»","1515642624589410310","2022-04-17T10:45:35.000Z",TRUE
"@dwnews Jein!","1514707592316178440","2022-04-14T20:50:06.000Z",TRUE
"Russian warship, what are you sinking?","1514698388926873604","2022-04-14T20:13:32.000Z",TRUE
"Ukraine defends freedom, ours and yours, for 50 days. We donâ€™t need a rideÂ©ï¸, we need heavy arms and ammunition.

- Heavy armored vehicles
- Combat aircraft
- Multiple launch rocket systems
- Long-range artillery
- Heavy anti-aircraft weapons

Give us the tools.
#ArmUkraineNow! https://t.co/ffmXE7aak5","1514615056071241734","2022-04-14T14:42:24.000Z",TRUE
"#ArmUkraineNow https://t.co/iYPYxz9kxc","1514283343310958611","2022-04-13T16:44:17.000Z",TRUE
"BRAVERY 

          will always prevail over 

                                                SLAVERY.

more at @brave_ua https://t.co/qkaHrkENzH","1513972289762643969","2022-04-12T20:08:16.000Z",TRUE
"@cher thank you @cher

dead on","1513885011753279505","2022-04-12T14:21:28.000Z",TRUE
"@newschambers https://t.co/b5pzlhK2GJ","1512905544029331467","2022-04-09T21:29:24.000Z",TRUE
"because they bloody can https://t.co/FaTUt0lvP6","1512881878440853515","2022-04-09T19:55:22.000Z",TRUE
"thank you for not being comfortably numb

ğŸ¥: https://t.co/N6LSZpve6S https://t.co/LY7kTN1hOT","1512166053572497414","2022-04-07T20:30:56.000Z",TRUE
"Hard to find words... The killing of civilians in Bucha by Russian war criminals is appalling beyond any measure.

Help us stop Russia. Demand your governments to act now:

- Provide Ukraine with all weapons we need
- More tough sanctions on Russia 
- Cut all trade ties with them https://t.co/pYLbMALQfp","1511106521345798153","2022-04-04T22:20:44.000Z",TRUE
"Zmiiny (Snake) Island heroes are back, while the Russian warship continues on its defined course
  
ğŸ‡·ğŸ‡ºâ›´ â¡ï¸ âš“ï¸ https://t.co/JeMf0d9FM2","1508858307800354819","2022-03-29T17:27:08.000Z",TRUE
"no way to ban a Ukrainian rave party https://t.co/rpAaTdcoyV","1508768097880231940","2022-03-29T11:28:40.000Z",TRUE
"@Lithuania great idea, luv it","1508693057826340865","2022-03-29T06:30:29.000Z",TRUE
"Little Ukrainians thank nations with big hearts hosting them during this difficult time. We join their words of gratitude.

more â™¥ï¸ here:  https://t.co/wYhQLAXgWT https://t.co/1Axosj29hj","1508532860055138314","2022-03-28T19:53:55.000Z",TRUE
"We fight for the future of Ukraine and the world. We will prevail âœŠğŸ‡ºğŸ‡¦ https://t.co/NGUZ9ilD1g","1508165868332662790","2022-03-27T19:35:38.000Z",TRUE
"Lettering â€˜Ğ”Ğ•Ğ¢Ğ˜â€™ (â€˜CHILDRENâ€™) in front of the Drama Theatre in Mariupol didnâ€™t stop Russian barbarians from bombing this shelter with hundreds of civilians.

On World Theater Day we thank Berlin and Prague theaters for their solidarity â¤ï¸â€ğŸ©¹

ğŸ“¸ Mariupol, Berlin, Prague
@DT_Berlin https://t.co/rzvGMytrlH","1508039209348648960","2022-03-27T11:12:20.000Z",TRUE
"Prophet! https://t.co/f67YwRM0Vv","1507001441814294532","2022-03-24T14:28:37.000Z",TRUE
"Three days, they said. Ukraine will fall, they said... https://t.co/lKhCiwfB4X","1506972098195038215","2022-03-24T12:32:01.000Z",TRUE
"@BonJovi thank you for the support! 

Ğ´ÑĞºÑƒÑ”Ğ¼Ğ¾ ğŸ’›ğŸ’™","1506564898679107599","2022-03-23T09:33:57.000Z",TRUE
"There is no politics for children, there is only good and evil. And good must always prevail. For the sake of our kids and their future, Ukraine will surely prevail. https://t.co/CREplZXVRj","1506383653965860866","2022-03-22T21:33:45.000Z",TRUE
"Tonight, spare a thought for the people of some of Ukraineâ€™s bravest cities

@Kyiv
Chernihiv
Konotop
Okhtyrka
Sumy
Kharkiv
Izyum
Rubizhne
Mariupol
Berdyansk
Kherson
Enerhodar
Mykolayiv

Weâ€™ll rebuild and uplift them after our victory. Tell us which one do you wish to visit first? https://t.co/0p8HaD5PZw","1506030149636083716","2022-03-21T22:09:03.000Z",TRUE
"we will win
there will be new cities
there will be new dreams
there will be a new story
there will be, thereâ€™s no doubt

and those we've lost will be remembered

and we will sing again, and we will celebrate anew

ğŸ‡ºğŸ‡¦President â¦@ZelenskyyUaâ© https://t.co/fb7sIxAXAM","1505624148931981320","2022-03-20T19:15:44.000Z",TRUE
"Best thoughts and prayers are donations for the Armed Forces of Ukraine. Donate today with Ukraineâ€™s most trusted volunteer initiative ""Come Back Alive"".
 
From abroad ğŸ‘‰ https://t.co/73Uk4hpKOK
Crypto transfers ğŸ‘‰ https://t.co/v4ImRoWb2U

video by @BackAndAliveâ© ft. Ahir Shah https://t.co/nuhc8kFbMq","1505513001742487555","2022-03-20T11:54:05.000Z",TRUE
"ĞœĞ¸ Ğ²Ğ¾Ñ—Ğ½Ğ¸. ĞĞµ Ğ»ĞµĞ´Ğ°Ñ€Ñ–. ĞĞµ Ğ»ĞµĞ¶Ğ½Ñ–
Ğ† Ğ½Ğ°ÑˆĞµ Ğ´Ñ–Ğ»Ğ¾ Ğ¿Ñ€Ğ°Ğ²ĞµĞ´Ğ½Ğµ Ğ¹ ÑĞ²ÑÑ‚Ğµ
Ğ‘Ğ¾ Ñ…Ñ‚Ğ¾ Ğ·Ğ° Ñ‰Ğ¾, Ğ° Ğ¼Ğ¸ Ğ·Ğ° Ğ½ĞµĞ·Ğ°Ğ»ĞµĞ¶Ğ½Ñ–ÑÑ‚ÑŒ
ĞÑ‚Ğ¾Ğ¶ Ğ½Ğ°Ğ¼ Ñ‚Ğ°Ğº Ñ– Ğ²Ğ°Ğ¶ĞºĞ¾ Ñ‡ĞµÑ€ĞµĞ· Ñ‚Ğµ

Warriors we are. No lazy. No inert
Our cause is saint and right
We stand for independence
This makes so tough our fight

ğŸ’HB to our legend Lina Kostenko https://t.co/q4YF6xBZvR","1505302141174525952","2022-03-19T21:56:12.000Z",TRUE
"Russian aggression in figures

2ï¸âƒ£4ï¸âƒ£ days of Russian all-out invasion

1ï¸âƒ£0ï¸âƒ£8ï¸âƒ£0ï¸âƒ£ Russian missiles launched
 
1ï¸âƒ£1ï¸âƒ£2ï¸âƒ£ killed 1ï¸âƒ£4ï¸âƒ£0ï¸âƒ£ wounded Ukrainian children

6ï¸âƒ£6ï¸âƒ£9ï¸âƒ£ schools 1ï¸âƒ£1ï¸âƒ£7ï¸âƒ£ medical facilities ruined or damaged

1ï¸âƒ£0ï¸âƒ£0ï¸âƒ£0ï¸âƒ£s of ruined apartment buildings

Help UkraineğŸ‘‡ https://t.co/WQ6ZnnJV0G","1505290697561231366","2022-03-19T21:10:43.000Z",TRUE
"based https://t.co/dz9TjpXXfl","1505226254345281538","2022-03-19T16:54:39.000Z",TRUE
"day 24

since 190.000 Russian invaders crossed our borders in all directions

but the nation of freedom does not scare easy

we did not fall and will not fall

we shall prevail 

against all odds 

ğŸ‡ºğŸ‡¦âœŠ","1505137215432794125","2022-03-19T11:00:50.000Z",TRUE
"@nexta_tv glad you liked our video, tags are welcome ğŸ˜‰ https://t.co/sMOu5qrUxJ","1505127807986421761","2022-03-19T10:23:28.000Z",TRUE
"@Lithuania ğŸ’›ğŸ’™","1505110254757060609","2022-03-19T09:13:42.000Z",TRUE
"Incessantly, for 25 years out of 30 years of its modern history, Russia has brought nothing but death. Now we have the chance to stop Russian war-machine forever. Help Ukraine! Help the world! #StopRussia #StandWithUkraine https://t.co/J2gseHpBBn","1504924620524240897","2022-03-18T20:56:04.000Z",TRUE
"@cher grateful for your humanity, @cher

Ğ´ÑĞºÑƒÑ”Ğ¼Ğ¾ ğŸ’›ğŸ’™","1504809417795117058","2022-03-18T13:18:17.000Z",TRUE
"@AviSchiffmann Dear @AviSchiffmann, many thanks for your important work ğŸ’›ğŸ’™","1504808053060870154","2022-03-18T13:12:52.000Z",TRUE
"@Schwarzenegger Dear @Schwarzenegger, thanks for your wise, powerful, and truthful words! Just to add one notable fact: Yury Vlasov was born in the Ukrainian city of Makiivka, Donetsk oblast. The city is under Russian occupation since 2014. We are proud of our famous heavyweight weightlifterğŸ‹ï¸ğŸ†","1504807363085320196","2022-03-18T13:10:07.000Z",TRUE
"Russia says their conscripts are not being sent to fight in Ukraine. But this is just another lie. We have already caught a bunch of them. Now they have something to tell their liar-in-chief. https://t.co/YmmjoEfkXU","1503855619324928004","2022-03-15T22:08:14.000Z",TRUE
"The Ivan Franko Drama Theater performed Shakespeareâ€™s Hamlet in a bomb shelter, dedicating their performance to the people of the UK for ongoing support of Ukraine &amp; in recognition of the Blitz of WW2 in which the UKâ€™s civilian population was also bombed. â¦@10DowningStreetâ© https://t.co/wU3PRPA9Bn","1503742577211805705","2022-03-15T14:39:03.000Z",TRUE
"Ukraine scored 2nd in Beijing 2022 Paralympic Winter Games. A live testament Ukrainians fight and win against all odds in sports, in life and on the battlefield âœŠğŸ‡ºğŸ‡¦ 

Here is what they had to say after the games were over https://t.co/yuozYrEZGd","1503448957967552519","2022-03-14T19:12:18.000Z",TRUE
"https://t.co/COjLDh9fKG","1502947596205240323","2022-03-13T10:00:05.000Z",TRUE
"https://t.co/5cArSZ2KcH","1502737132858875910","2022-03-12T20:03:46.000Z",TRUE
"how to tell a Russian official is lying... his lips move https://t.co/n3fE09E22z","1502037022562791426","2022-03-10T21:41:47.000Z",TRUE
"These are real intercepted calls: Russian soldiers in Ukraine call their close ones back in Russia to tell how it is going so far. Looting and war crimes included. Please, share! The world must know the truth of what theyâ€™re doing to our homes and people. https://t.co/5yBRYjEoN1","1501635351965798402","2022-03-09T19:05:41.000Z",TRUE
"â€˜Keep fighting â€” you are sure to winâ€™

Taras Shevchenko, Ukraineâ€™s greatest poet, gave us this blessing. Today marks 208 years since he was born. 

We keep fighting, Taras. And we are sure to win âœŠğŸ‡ºğŸ‡¦ https://t.co/NE8TumtIYK","1501477277548355587","2022-03-09T08:37:33.000Z",TRUE
"Today, https://t.co/ZTJXakKPGo website on Russian invasion of Ukraine was taken down by German provider company @Hetzner_Online without any explanations. We are working to restore worldwide access to verified facts about Russian aggression against Ukraine using another hosting. https://t.co/I8BYARjidT","1500899395906191361","2022-03-07T18:21:16.000Z",TRUE
"@Lithuania Thank you, dear Lithuanian friends ğŸ‡±ğŸ‡¹ğŸ‡ºğŸ‡¦

aÄiÅ« âœŠğŸ‡ºğŸ‡¦","1500881419912032256","2022-03-07T17:09:50.000Z",TRUE
"@Poland Thank you, dear Polish friends ğŸ’›ğŸ’™

DzÄ™kujÄ™ za pomoc ğŸ‡µğŸ‡±ğŸ‡ºğŸ‡¦","1500879515312168962","2022-03-07T17:02:16.000Z",TRUE
"ğŸšœ donâ€™t mess with Ukrainian farmers https://t.co/fSy5WyCkuT","1500875024386899972","2022-03-07T16:44:25.000Z",TRUE
"Ukrainians are just like you. But the war affects just everything: how we live, how we love and how we take care of the people most dear to us. Help us save lives. Demand your governments to act now. Together, we can and must stop Putin âœŠğŸ‡ºğŸ‡¦#StandWithUkraine #CloseTheSky https://t.co/WGzogeCVlJ","1500788932216295426","2022-03-07T11:02:19.000Z",TRUE
"@ananavarro âœŠğŸ‡ºğŸ‡¦","1500736493832261632","2022-03-07T07:33:57.000Z",TRUE
"freedom
dignity
respect
human rights
rule of law
solidarity
self-organization
social responsibility
equality
freedom of speech
peaceful protest
transparency
accountability
religious freedom
multiculturalism
international law

*shortlist of what we stand for

#StandWithUkraine","1500603169868595202","2022-03-06T22:44:10.000Z",TRUE
"My dear capital @Kyiv stands tall today. Follow the official Twitter account of Kyiv, the City of Courage. https://t.co/REZs3mtZFZ","1500226742849527808","2022-03-05T21:48:23.000Z",TRUE
"Kherson, Nova Kakhovka, Berdyansk, Enerhodar, Konotop, Melitopol and many other Ukrainian cities and towns stood up to the Russian invaders.

You can help courageous Ukrainians by boycotting Russian goods and companies.

#BoycottRussia #StandWithUkraine https://t.co/Hzgh3kZYXd","1500195497629397000","2022-03-05T19:44:13.000Z",TRUE
"Fighting for what is right comes at a cost. Only then we can live in peace and bring a better future to our children. Help Ukraine to win in this struggle!

1. Ban @sberbank from SWIFT
2. Impose embargo on Russian oil
3. Close ports to Russian ships

Oh, and ğŸ‘‡ #BoycottRussia https://t.co/NUe6aeBjGJ","1500084328809779201","2022-03-05T12:22:28.000Z",TRUE
"We are at a turning point in history. Russia tries to destroy Ukraine, but also attempts to destroy freedom and human dignity in the heart of Europe. We call on foreign nationals willing to fight together with us to join our International Legion. Details: https://t.co/BW4sP79FZm https://t.co/wfP0O9fxf9","1500063375035936768","2022-03-05T10:59:13.000Z",TRUE
"Dear European friends! Help us stop Putin. We need you to speak out and demand your governments to close European ports for Russian ships. https://t.co/sB581onxBb","1500060788115087362","2022-03-05T10:48:56.000Z",TRUE
"ğŸ™Please, help us stop Putin. Demand your governments to act now and cut Russian Sberbank from SWIFT. #BanSberbankFromSWIFT https://t.co/6g9oBFDoFS","1500041830896914435","2022-03-05T09:33:36.000Z",TRUE
"Happy Stalinâ€™s Death Day! https://t.co/AoNksY1B6O","1500016881310355462","2022-03-05T07:54:28.000Z",TRUE
"it's not about taste anymore, but about good and evil. @cocacola chose the latter. @pepsi, time for your counterattack is now","1499876153988845569","2022-03-04T22:35:16.000Z",TRUE
"Jamie Hyneman has something to say and he asked us to share it with all of you https://t.co/XKrK8J7P83","1499844477858500612","2022-03-04T20:29:23.000Z",TRUE
"Dear @ICRC, help us establish humanitarian corridors to bring aid and evacuate civilians. We need at least eight of them. Russia lacks military successes, thus unleashes its fury by indiscriminately bombing civilians. Dear @PMaurerICRC, we need those corridors ASAP to save lives. https://t.co/NVa30gSQUO","1499805883743842306","2022-03-04T17:56:02.000Z",TRUE
"Today, Ukraine fights for its freedom and for that of the entire world. This is why the world stands by Ukraine. Your support matters. https://t.co/76VciDTmbq","1499468858297659401","2022-03-03T19:36:49.000Z",TRUE
"â€˜Life Will Win Over Death. Light Will Win Over Darknessâ€™

Historic â¦@TIMEâ© cover with â¦@ZelenskyyUaâ©â€™s quote https://t.co/VMD9ube9G7","1499280918900625409","2022-03-03T07:10:01.000Z",TRUE
"Many people around the world now google: â€˜Why Russia invaded Ukraine?â€™

Indeed, WHY?

Here is a website to explain: https://t.co/L6OkGLYIhg

Please share far and wide https://t.co/F00XkxVknl","1499158989388632075","2022-03-02T23:05:30.000Z",TRUE
"Still standing. And we will not fall. Ukraine will prevail ğŸ‡ºğŸ‡¦âœŠ","1499115291518898176","2022-03-02T20:11:52.000Z",TRUE
"××ª××•×œ ×¤×’×¢ ×˜×™×œ ×©×™×•×˜ ×¨×•×¡×™ ×‘×©×˜×— ××ª×—× ×”×”× ×¦×—×” ""×‘××‘×™ ×™××¨"", ×‘×§×™×™×‘, ×•×”×¨×’ ×—××™×©×” ××–×¨×—×™×. ×‘××”×œ×š ×”×©×•××”, ×”× ××¦×™× ×¨×¦×—×• ×™×•×ª×¨ ×-100,000 ×™×”×•×“×™× ×‘××§×•×. ×‘×™××™× ×•, ×¨×•×¡×™×” ×”×‘×¨×‘×¨×™×ª ×©×•×‘ ×¨×•×¦×—×ª ×× ×©×™× ×—×¤×™× ××¤×©×¢ - ×‘××•×ª×• ××§×•× ×××© https://t.co/4ZgyXFbZoW","1499081594153451527","2022-03-02T17:57:58.000Z",TRUE
"Yesterday, Russian cruise missile struck the territory of the Babyn Yar memorial complex in Kyiv, killing five civilians. During the Holocaust, Nazis murdered more than 100,000 Jews in Babyn Yar. Nowadays, barbaric Russia is again murdering innocent people at the very same place. https://t.co/FRTZwuVuOO","1499081475593015302","2022-03-02T17:57:30.000Z",TRUE
".@Russia = barbaric","1498912842942193664","2022-03-02T06:47:24.000Z",TRUE
"Airdrop confirmed. Snapshot will be taken tomorrow, on March 3rd, at 6pm Kyiv time (UTC/GMT +2 hours). 
Reward to follow!
Follow subsequent news re Ukraineâ€™s crypto donation campaign at @FedorovMykhailo","1498911922791583746","2022-03-02T06:43:45.000Z",TRUE
"@Poland thank you, friends
today we fight for our and your freedom","1498782358933229568","2022-03-01T22:08:55.000Z",TRUE
"The people of Ukraine fighting for our freedom are forever grateful to Gavin Wood @gavofyork for the generous donation of $5M of @Polkadot $DOT as promised publicly. Thank you from all of us here in Ukraine working for a peaceful future ğŸ‡ºğŸ‡¦","1498733635083587584","2022-03-01T18:55:18.000Z",TRUE
"Every voice matters. We see you and feel your support.

Urge your governments to provide Ukraine with more defensive weapons, ammunition, and economic support. Cut all political and business ties with Russia!

Tell us what country you are supporting us from ğŸ‘€

#StandWithUkraine https://t.co/dBQNxBn0Et","1498672323100041219","2022-03-01T14:51:40.000Z",TRUE
"Did you know that European, American, British companies still make $700m daily by trading with Russia? Write to an international company of your choice: oil and gas, car manufacturers, investment funds, retailers etc. Demand them to cut all ties with Russia. More: @Boycott_RU https://t.co/kQM8TkqFl3","1498575704321101824","2022-03-01T08:27:44.000Z",TRUE
"An airdrop has not been confirmed yet.","1498549165646921728","2022-03-01T06:42:17.000Z",TRUE
"The people of Ukraine are grateful for the support and donations from the global crypto community as we protect our freedom. We are now accepting Polkadot donations too: 
$DOT: 1x8aa2N2Ar9SQweJv9vsuZn3WYDHu7gMQu1RePjZuBe33Hv.
More cryptocurrencies to be accepted soon.","1498547710697345027","2022-03-01T06:36:30.000Z",TRUE
"Two leaders, two worlds...
Freedom will prevail ğŸ‡ºğŸ‡¦âœŠ https://t.co/TG7Q8Yr4xp","1498547251949588482","2022-03-01T06:34:41.000Z",TRUE
"we will prevail over those langoliers for you, sir https://t.co/m94aNP93AF","1498443470532452354","2022-02-28T23:42:17.000Z",TRUE
"A group of Ukrainians was preparing Molotov cocktails to welcome Russian invaders. But one guy seemed dissatisfied. His regret: Russian armored vehicles may all get burnt by someone else before he can put his cocktail to practice. https://t.co/NbzGYQ2qok","1498436399841873921","2022-02-28T23:14:11.000Z",TRUE
"Â©ï¸ enterhevoid","1498171891567235078","2022-02-28T05:43:08.000Z",TRUE
"https://t.co/mbfTbnIPJu","1498171407154483200","2022-02-28T05:41:12.000Z",TRUE
"do not be afraid 

to stand up to evil

no matter how powerful it seems

at the dawn  

the flag ğŸ‡ºğŸ‡¦ will still be there

âœŠ","1498063864600084480","2022-02-27T22:33:52.000Z",TRUE
"Multinational corporations divert and stop their investments in Russia. Join the growing list of companies who said NO to funding military aggression #StandWithUkraine https://t.co/cxCoMJPKLj","1498038292108955650","2022-02-27T20:52:15.000Z",TRUE
"One day, a Ukrainian woman saw a Russian soldier in her hometown Henichesk, south of Ukraine. This is what happened next ğŸ‘€ https://t.co/k5GmkvcyUm","1498016332889174026","2022-02-27T19:25:00.000Z",TRUE
"The biggest plane in the world ""Mriya"" (The Dream) was destroyed by Russian occupants on an airfield near Kyiv. We will rebuild the plane. We will fulfill our dream of a strong, free, and democratic Ukraine. https://t.co/Gy6DN8E1VR","1497961514480902148","2022-02-27T15:47:10.000Z",TRUE
"RT @Ukraine: Tag @Russia and tell them what you think about them","1497863974892687366","2022-02-27T09:19:35.000Z",TRUE
"Ukraineâ€™s Foreign Minister invites foreign nationals to join the International Legion of Territorial Defense of Ukraine ğŸ‡ºğŸ‡¦ https://t.co/JVOjKuuMXW","1497842123785261058","2022-02-27T07:52:45.000Z",TRUE
"People call him the Ghost of Kyiv. And rightly so â€” this UAF ace dominates the skies over our capital and country, and has already become a nightmare for invading Russian aircrafts. https://t.co/lngfaMN01I","1497834538843660291","2022-02-27T07:22:37.000Z",TRUE
"@P____nut cauz theyâ€™re cool","1497712275402235907","2022-02-26T23:16:47.000Z",TRUE
"thanx, appreciate it https://t.co/OWm2Yu2WKC","1497703466352926722","2022-02-26T22:41:47.000Z",TRUE
"@stardust102518 we will, thanx","1497701361311485956","2022-02-26T22:33:25.000Z",TRUE
"To the free people of the world!

We feel your support. We see your demonstrations with our flags. We hear your chants. This helps us fight the horrific Russian evil.

Ukraine holds its ground âœŠ

We. Will. Not. Fall.

#StandWithUkraine","1497680417301819392","2022-02-26T21:10:11.000Z",TRUE
"Dear @elonmusk ğŸ‘‹ 

Ukraine needs your support. Your stance and your actions matter. 

An appeal by our Minister of Digital Transformation hereğŸ‘‡ https://t.co/7dhrwApApZ","1497643474727829505","2022-02-26T18:43:23.000Z",TRUE
"Russia's war against Ukraine is taking place in social media too.

Donâ€™t fall for major trends of Russian disinformation!

Use official sources: @MFA_Ukraine, @APUkraine @GeneralStaffUA

P.S. sorry the team is exhausted without sleep, we make mistakes in tweets &amp; tweet them again https://t.co/OknbqLoetU","1497599276901441547","2022-02-26T15:47:46.000Z",TRUE
"Stand with the people of Ukraine. Now accepting cryptocurrency donations. Bitcoin, Ethereum and USDT.

BTC - 357a3So9CbsNfBBgFYACGvxxS6tMaDoa1P

ETH and USDT (ERC-20) - 0x165CD37b4C644C2921454429E7F9358d18A45e14","1497594592438497282","2022-02-26T15:29:09.000Z",TRUE
"#RussiaInvadedUkraine #StopPutin https://t.co/Fbi81teeHi","1497554238695743493","2022-02-26T12:48:48.000Z",TRUE
"ğŸ¥: @RFERL","1497452641160507393","2022-02-26T06:05:05.000Z",TRUE
"Russian aggression against Ukraine: LIES vs FACTS https://t.co/pN11PmA24O","1497452546771886082","2022-02-26T06:04:43.000Z",TRUE
"âœŠ https://t.co/skz1jbsr1R","1497406569469952002","2022-02-26T03:02:01.000Z",TRUE
"@TheSimpsons ğŸ’›ğŸ’™ https://t.co/dl0Fqa2Jwi","1497405072896139264","2022-02-26T02:56:04.000Z",TRUE
"Your actions matter. Your voice can be decisive to strengthen Western resolve and protect the security of Ukraine, Europe and the entire free and democratic world from a new revanchist force in Europe. Act NOW!","1497294942191996931","2022-02-25T19:38:27.000Z",TRUE
"2. Donate money to support the Ukrainian Army. You can transfer money to the following accounts:

ğŸ‡ºğŸ‡¦ https://t.co/XXCiLUgMOv 

ğŸ‡ºğŸ‡¦ https://t.co/1Cr5CAEilv 

3. Organize street protests in your city to support Ukraine and condemn Russian aggression","1497294840110977024","2022-02-25T19:38:02.000Z",TRUE
"You can help. Please support Ukraine by urging your governments to act:

1. Call your MP to urge strong economic sanctions: banning Russia from SWIFT, fully isolating it, stopping all business, oil and gas embargo, providing Ukraine with more defensive weapons, ammunition, money","1497294708879540224","2022-02-25T19:37:31.000Z",TRUE
"Leaders and heads of governments of your countries expressed their support and condemned Russian aggression. This is not enough. We need decisive actions to stop Russian aggression now and avert further loss of human lives, ruining of the security order in the entire Europe.","1497294614692347905","2022-02-25T19:37:09.000Z",TRUE
"Russia invaded Ukraine. Russian missiles and military are targeting civilian infrastructure and killing innocent people in Ukrainian cities. Russia attacks not only Ukraine; it attacks the whole of Europe. Ukraine defends its own independence, and peace and democracy in Europe.","1497294520240807945","2022-02-25T19:36:46.000Z",TRUE
"Dear friend, your actions matter. Your voice can be decisive to strengthen Western resolve and protect the security of Ukraine, Europe and the democratic world. Act NOW! See thread with a few simple steps to support Ukraine ğŸ‘‡ https://t.co/5MJx9hzJzs","1497294422354055171","2022-02-25T19:36:23.000Z",TRUE
"Make no mistake. Ukrainians will prevail. We fought against the Russian and Soviet empires in the past and â€“Â always â€“Â freedom and democracy won the day. We need your support now. Support the Ukrainian Army and economy. Letâ€™s #StopRussianAggression together https://t.co/pVX50pPtVd","1496931878116466689","2022-02-24T19:35:46.000Z",TRUE
"hey people, letâ€™s demand @Twitter to remove @Russia from here

no place for an aggressor like Russia on Western social media platforms

they should not be allowed to use these platforms to promote their image while brutally killing the Ukrainian people @TwitterSupport","1496888388938604556","2022-02-24T16:42:57.000Z",TRUE
"Tag @Russia and tell them what you think about them","1496837835743133699","2022-02-24T13:22:04.000Z",TRUE
"Donate for the Ukrainian army here: https://t.co/pVX50pPtVd https://t.co/cjNYhNvWbX","1496817739419295751","2022-02-24T12:02:13.000Z",TRUE
"RT @anneapplebaum: Be very, very careful over the next few days with military information. The Russians want to persuade Ukraine to surrendâ€¦","1496788879743070210","2022-02-24T10:07:32.000Z",TRUE
"â—ï¸UPD: If the previous link doesn't work you may use â¡ï¸
ğŸ”—https://t.co/geAWycCNj0â€¦

#RussiaInvadedUkraine 
Russia has started the new wave of aggression against Ukraine. Wherever you are, whatever you do, you can help Ukraine now. You can help Ukraine against Russian aggression https://t.co/zKjCGyEpQa","1496776763715866626","2022-02-24T09:19:23.000Z",TRUE
"Join our Twitter-storm on February 24rd from 12 to 2 pm Kyiv, 10 am - 12 pm UTC. Use #StopRussianAggression and #RussiaInvadedUkraine hashtags to tell the world of the ongoing Russian aggression against Ukraine and the fact that Ukraine is under attack. https://t.co/QY9p2ySQvZ","1496776124696780802","2022-02-24T09:16:51.000Z",TRUE
"This is not a â€˜memeâ€™, but our and your reality right now.","1496767831182041089","2022-02-24T08:43:54.000Z",TRUE
"#RussiaInvadedUkraine 

Russia has started the new wave of aggression against Ukraine. 
Wherever you are and whatever you do, you can help Ukraine now. You can help Ukraine against Russian aggression.

ğŸ”—https://t.co/RM1eqXyfo9 https://t.co/cZwiiOsWvv","1496766797005176832","2022-02-24T08:39:47.000Z",TRUE
"âš ï¸ #RussiaInvadedUkraine Today, on February 24 at 5AM, the armed forces of the Russian Federation attacked Ukraine. #StayWithUkraine, stay tuned for updates on Ukraineâ€™s official sources and channels in English and support Ukraine in its fight for freedom and democracy in Europe. https://t.co/MYGk5zmLz2","1496758598688559105","2022-02-24T08:07:13.000Z",TRUE
"https://t.co/IaqFbpayqz","1496716168920547331","2022-02-24T05:18:36.000Z",TRUE
"#StandWithUkraine ğŸ’›ğŸ’™

ğŸ¥: @dorosh_raw https://t.co/5Cq7qbPCue","1496156083865460739","2022-02-22T16:13:02.000Z",FALSE
"hey @Lithuania 
happy state restoration day! 

we share 

centuries of common history 
struggle for freedom
desire for peace 

happy having you as a friend!
â¤ï¸ğŸ’šğŸ’›","1494060421925515268","2022-02-16T21:25:37.000Z",FALSE
"ğŸ‡µğŸ‡± dziÄ™kujÄ™! ğŸ‡ºğŸ‡¦ https://t.co/Ctvhe0KOCy","1494028265010434050","2022-02-16T19:17:50.000Z",FALSE
"@Lithuania https://t.co/z540UZo3pU","1493701549993955335","2022-02-15T21:39:35.000Z",FALSE
"ğŸ’›ğŸ’™ AÄiÅ«, draugai â¤ï¸ğŸ’šğŸ’› https://t.co/HYpvXV3U7m","1493694838767767557","2022-02-15T21:12:55.000Z",FALSE
"ğŸ“¸: @s_morgunov","1493194575145541635","2022-02-14T12:05:03.000Z",FALSE
"#StandWithUkraine ğŸ’›ğŸ’™ https://t.co/eT62TDTqOy","1493194256969834496","2022-02-14T12:03:47.000Z",FALSE
"Mesmerizing Kyiv sunset ğŸŒ‰

ğŸ“Kyiv, Ukraine

Photo: Arthur Lahoda (ig) https://t.co/5GqURjvAm5","1492167572380336131","2022-02-11T16:04:07.000Z",FALSE
"Photos: George Bondarenko, My_Flying_Shark (ig)","1491839079020908545","2022-02-10T18:18:48.000Z",FALSE
"Remarkable Ukrainian scientist &amp; inventor Vasyl Karazin was born 249 years ago on this day in Kharkiv region.

As a champion of popular education, Karazin established the first university in the east of Ukraine in Kharkiv in 1805, now among Ukraineâ€™s best. https://t.co/ODZHKCYAlW","1491838855221321730","2022-02-10T18:17:54.000Z",FALSE
"ğŸŒŠThe Tuzly Lagoons National Nature Park

ğŸ“Odesa region, Ukraine

Photos: miishynin (ig) https://t.co/XWEvbYThDr","1490997641198837762","2022-02-08T10:35:13.000Z",FALSE
"Photos: @ukrinform, @tsnweek","1490668559831375872","2022-02-07T12:47:34.000Z",FALSE
"Legendary Ukrainian aircraft designer Oleh Antonov was born 116 years ago OTD.

52 gliders &amp; 22 airplanes were created under his leadership.

Among the most significant are An-22 Antei, An-124 Ruslan, and giant An-225 Mriya which set over 110 world records with its maiden flight. https://t.co/ylSoWMvciE","1490668218729615361","2022-02-07T12:46:13.000Z",FALSE
"The Marmarosy Mountain Range

ğŸ“Carpathians, Ukraine

Photo: Oleksandr Kalinin https://t.co/VDLK79sW4l","1488811879195721734","2022-02-02T09:49:47.000Z",FALSE
"1ï¸âƒ£0ï¸âƒ£2ï¸âƒ£ years ago on this day Ivan Franko National Academic Drama Theater was founded in Vinnytsia.

In 1926 it moved to Kyiv. Today the Franko theater remains one of Ukraineâ€™s leading cultural institutions. https://t.co/1bJ2L2EfMs","1487158373590126596","2022-01-28T20:19:20.000Z",FALSE
"Outstanding Ukrainian landscape painter of Greek descent Arkhyp Kuindzhi was born 1ï¸âƒ£8ï¸âƒ£1ï¸âƒ£ years ago in Mariupol.

He was called the â€˜master of lightâ€˜ for his extraordinary talent of bringing streams of light to life on his canvas.

P.S. fabulous views of Ukrainian Crimea, btw ğŸ’›ğŸ’™ https://t.co/nMrztKRRX9","1486688890517958658","2022-01-27T13:13:47.000Z",FALSE
"@JuliWithAnA Ğ° Ñ…Ñ‚Ğ¾ Ğ±Ğ¾Ñ€ĞµÑ†ÑŒ â€” Ñ‚Ğ¾Ğ¹ Ğ·Ğ´Ğ¾Ğ±ÑƒĞ²Ğ°Ñ” Ñ‚Ğ²Ñ–Ñ‚","1486328331167485956","2022-01-26T13:21:03.000Z",FALSE
"@ISPuuuv ğŸ’›ğŸ’™","1486300257344491529","2022-01-26T11:29:30.000Z",FALSE
"â€œThe truth is that humor has an enormous powerâ€.

Get to know more about Twitter Ukraine in our rare interview to @washingtonpost

P.S. thanks for the nice chat, @ikhurshudyan ğŸ™Œ
https://t.co/yXGeV7HOfI","1486296653111996418","2022-01-26T11:15:10.000Z",FALSE
"Happy 31st birthday to our 2020 Olympic Champion, multiple world champion in Graeco-Roman wrestling Zhan BeleniukğŸ‰ 

Wishing many sound victories ahead ğŸ¤¼â€â™‚ï¸

Photos: Zhan Beleniuk (ig), EPA/UPG https://t.co/XxRGVe8asM","1485646205204021248","2022-01-24T16:10:31.000Z",FALSE
"ğŸ‘‹ğŸ‘‹ğŸ‘‹ 

Join the global #UkrainianWave 

RT #StandWithUkraine + ğŸ‘‹ https://t.co/r7KqGkIJJJ","1484862431969087490","2022-01-22T12:16:05.000Z",FALSE
"Lighthouse on the Kyiv Reservoir â„ï¸ğŸŒŠ

ğŸ“Vyshhorod, Ukraine

ğŸ“¸ ig: olya_flydji https://t.co/INlyhhlzuJ","1484460973645869057","2022-01-21T09:40:50.000Z",FALSE
"Photos: https://t.co/YznPV1Vh4t, https://t.co/SRkuzDmtOH","1484188456028807180","2022-01-20T15:37:57.000Z",FALSE
"Ukraine's greatest economist of all times Mykhailo Tuhan-Baranovskyi was born 157 years ago on this day in Kharkiv region.

Author of the first book on political economy and revolutionary economic theories, in 1918 he was one of the founders of the Ukrainian Academy of Sciences. https://t.co/h741KztAtY","1484187109107789835","2022-01-20T15:32:36.000Z",FALSE
"Happy birthday to our national legend, Ukrainian choreographer Myroslav Vantukh.

Under his leadership Virsky National Folk Dance Ensemble created some remarkable masterpieces of Ukrainian folk choreography. https://t.co/ncqYBUpnZs","1483367176518225920","2022-01-18T09:14:29.000Z",FALSE
"ğŸ—»Gorgany Nature Reserve - precious place of stone pine trees protectionğŸŒ²

ğŸ“Ivano-Frankivsk region, Ukraine

Photos: Oleksandr Kalinin https://t.co/VlvsB9LhzY","1483112212050894848","2022-01-17T16:21:20.000Z",FALSE
"ğŸ¥ Watch Ukrainian satellite ""Sich-2-30"" being launched to orbit the Earth â¤µï¸

@YuzhnoyeSDO ğŸ¤ @SpaceX https://t.co/Jct0QeFTEL","1481646743229845510","2022-01-13T15:18:05.000Z",FALSE
"@Gabby_Hoffman ğŸ’›ğŸ’™","1481620552133586944","2022-01-13T13:34:01.000Z",FALSE
"https://t.co/aMGxnGGjIk","1481536598760173569","2022-01-13T08:00:25.000Z",FALSE
"Prominent Ukrainian, space exploration pioneer Serhii Korolev was born 115 years ago in Zhytomyr.

Stalin put Korolev behind bars in a politically motivated case. But Korolev prevailed, made a remarkable career, sent the first human to space &amp; expanded space exploration horizons. https://t.co/liTrZJ8AoD","1481342454834028550","2022-01-12T19:08:57.000Z",FALSE
"Ukrainian naÃ¯ve art genius Maria Prymachenko was born 113 years ago in Bolotnya, Kyiv region.

She lived a quiet life in her native village, creating world-famous masterpieces, and had a unique artistic gift, but no education.

Find her works in Ukrainian Folk Art Museum in Kyiv. https://t.co/8fROPKlH6y","1481215913919750144","2022-01-12T10:46:08.000Z",FALSE
"Ph: https://t.co/Ozpb1HTnLQ, Ukrainian Rhythmic Gymnastics Federation","1480983500337692673","2022-01-11T19:22:36.000Z",FALSE
"Happy birthday to Iryna Deriugina, our famous individual rhythmic gymnast, twice all-around world champion (1977, 1979) ğŸ‰

As a coach, she brought up generations of remarkable sportspeople.

â€œDeriugina Cupâ€ gathers best gymnasts from ca 35 countries each year. https://t.co/flTN9A6wmb","1480982540878069761","2022-01-11T19:18:47.000Z",FALSE
"Ukrainian wold-famous composer of German and Polish descent Reinhold GliÃ¨re was born 1ï¸âƒ£4ï¸âƒ£7ï¸âƒ£ years ago OTD in Kyiv.

Our prominent composers Serhii Prokofiev, Borys Lyatoshynskyi, Levko Revutskyi and others were taught by GliÃ¨re. He was also the director of our first conservatory. https://t.co/DEvI6oYuOI","1480959964365701124","2022-01-11T17:49:05.000Z",FALSE
"Photo: Yurii Mechytov","1480221600783994885","2022-01-09T16:55:05.000Z",FALSE
"Genius Armenian &amp; Ukrainian film director Serhii Parajanov was born OTD 98 years ago.

His â€˜Shadows of Forgotten Ancestorsâ€™, â€˜The Color of Pomegranatesâ€™ &amp; other films are gems of world cinema.

Parajanov also opposed political repressions in Ukraine &amp; got imprisoned by the USSR. https://t.co/A9Mlpeimm6","1480221421351669765","2022-01-09T16:54:22.000Z",FALSE
"Ph: https://t.co/uEy2tVo6OA","1479147328695119882","2022-01-06T17:46:19.000Z",FALSE
"Happy birthday to Ukraineâ€™s world-famous conductor Oksana Lyniv, a great talent with many â€˜firstâ€™ titles ğŸ†ğŸ¼

First-ever female chief conductor of Austriaâ€™s Graz Opera and Germanyâ€™s Bayreuth Festival. First-ever female to head Italyâ€™s Bologna Communal Theatre in 2022-2025. https://t.co/dExOKOlLPR","1479146959688581126","2022-01-06T17:44:51.000Z",FALSE
"Prominent Ukrainian poet &amp; dissident Vasyl Stus was born 8ï¸âƒ£3ï¸âƒ£ years ago.

He was a poet of a rare talent and created some true masterpieces of Ukrainian 20th century poetry.

Soviet dictatorship banned his works &amp; twice imprisoned Stus. He died in Soviet prison in 1985, aged 47. https://t.co/o2NUC7XvNQ","1479043113037570049","2022-01-06T10:52:12.000Z",FALSE
"ğŸ”Mount Hoverla, Carpathians, Ukraine

The highest mountain in Ukraine, Mount Hoverla proudly enjoys the status of one of the top tourist destinations of our countryğŸ•

#BeautifulUkraine
#VisitUkraineNOW

ğŸ“¸: Creative Travel Projects https://t.co/rZn09hVjqv","1478647897960992768","2022-01-05T08:41:45.000Z",FALSE
"Some photos from composerâ€™s authentic study-museum in Kyivâ¤´ï¸

ğŸ“¸: Marie Popyk, Tetiana Homon","1477997459855093763","2022-01-03T13:37:08.000Z",FALSE
"Prominent Ukrainian composer &amp; conductor Borys Lyatoshynsky was born 1ï¸âƒ£2ï¸âƒ£7ï¸âƒ£ years ago OTD in Zhytomyr.

Lyatoshynsky is one of the founders of modernism in our classical music.

His work played a major role in developing Ukrainian symphonism as part of European cultural mosaic. https://t.co/OJMYtJzbsu","1477997107344728068","2022-01-03T13:35:44.000Z",FALSE
"ğŸ’«May the New 2022 be full of joy and breathtaking visits to UkraineğŸ’™

ğŸ“¸ ig: Olya_flydji https://t.co/V9hLlyfT9w","1477269528308551683","2022-01-01T13:24:36.000Z",FALSE
"The Tunnel of Love ğŸ¤

ğŸ“Near Klevan, Rivne region

ğŸ“¸: Ivan Mulyk, Oles Kostiuchko

Learn more about Ukraineâ€™s famous Tunnel of Love â¤µï¸
https://t.co/uTdkptb817 https://t.co/Svoh2tDjy3","1476578056139595778","2021-12-30T15:36:56.000Z",FALSE
"Visiting Ukraine for the holiday season is unforgettable ğŸ„âœ¨

ğŸ“Kontraktova Square, Kyiv

ğŸ“¸ ig: Olya_flydji, Pasha Zaiarnyi

#VisitUkraineNow
#BeautifulUkraine https://t.co/UEGE5SP406","1476461594691481601","2021-12-30T07:54:10.000Z",FALSE
"https://t.co/ga1kbRAt97","1475466172699226118","2021-12-27T13:58:43.000Z",FALSE
"ğŸŒ¬â„ï¸

ğŸ“Near Chorna Kleva Mountain, Carpathians, Ukraine

ğŸ“¸: Oleksandr Kotenko https://t.co/VI5KcUuCUA","1475093697016512518","2021-12-26T13:18:37.000Z",FALSE
"Prominent Ukrainian conductor and composer Hryhoriy Veryovka was born 1ï¸âƒ£2ï¸âƒ£6ï¸âƒ£ years ago on this day in Berezna, Chernihiv region.

He founded an outstanding folk collective @Veryovka_UA, one of Ukraineâ€™s leading choirs. https://t.co/EebI62mf5L","1474848683078393858","2021-12-25T21:05:02.000Z",FALSE
"Looks like @Tesla really enjoys Ukrainian Shchedryk a.k.a. â€˜Carol of the bellsâ€™ â˜ºï¸

...isnâ€™t it high time we sent this Christmas anthem to outer space @elonmusk? https://t.co/W7td9IfUfb","1474804569305751554","2021-12-25T18:09:44.000Z",FALSE
"OTD 30 years ago the USSR collapsed. The greatest  geopolitical joy of the XX century! https://t.co/M5h4m3fKml","1474625967436009473","2021-12-25T06:20:02.000Z",FALSE
"For those celebrating in January â€” no worries, weâ€™ll post another tweet again in two weeks!","1474423217032990732","2021-12-24T16:54:23.000Z",FALSE
"Merry Christmas to everyone celebrating today! 

ğŸ“¸: Arthur Lahoda https://t.co/yIMDMYvlUS","1474423091417731076","2021-12-24T16:53:53.000Z",FALSE
"Christmas Kyiv is callingğŸŒŸğŸ„

#BeautifulUkraine #VisitUkraineNOW 

ğŸ“Kyiv, Ukraine

ğŸ“¸: Oleksandr Tumko, Pasha Zaiarnyi https://t.co/X2pzlvR6Gl","1473548983578595332","2021-12-22T07:00:29.000Z",FALSE
"The worldâ€™s largest cargo aircraft, legendary Ukrainian giant AN-225 â€˜Mriyaâ€™ (â€˜Dreamâ€™ in Ukrainian) made its maiden flight on December 21st 1988 in Kyiv. 
Dream big ğŸ‡ºğŸ‡¦âœˆï¸

Photo: @KyivPost https://t.co/tawaaWSPg1","1473384364876644358","2021-12-21T20:06:21.000Z",FALSE
"Charming winter in Lvivâ„ï¸âœ¨

ğŸ“Lviv, Ukraine

ğŸ“¸: Ivan Kmit https://t.co/S7B7zOp1wp","1471122544669380612","2021-12-15T14:18:41.000Z",FALSE
"The author of the world-famous â€˜Carol of the bellsâ€™ (â€˜Shchedrykâ€™), Ukrainian composer Mykola Leontovych was born 1ï¸âƒ£4ï¸âƒ£4ï¸âƒ£ years ago OTD in Vinnytsia region

Listen to â€˜Shchedrykâ€™ and get yourself in the mood for X-mas âœ¨ğŸ„

ğŸ¥: https://t.co/IaxyBy8LyR

ğŸğŸ¶: https://t.co/iobRe4JTJU https://t.co/FrabzRGr8h","1470360849260982282","2021-12-13T11:51:59.000Z",FALSE
"Rollin into the weekend like Stepan 
the cat from Kharkiv, UkraineğŸ·ğŸ±

ig: loveyoustepan https://t.co/OuwlKexXRy","1469379026196307969","2021-12-10T18:50:34.000Z",FALSE
"Ph: Oleksandr Kotenko, Creative Travel Projects","1469298422192693248","2021-12-10T13:30:16.000Z",FALSE
"Meanwhile in the Carpathiansâ„ï¸ https://t.co/mYaPT96IEE","1469298375153618948","2021-12-10T13:30:05.000Z",FALSE
"Magical winter in Kyivâ„ï¸â˜ƒï¸

ğŸ“Kyiv, Ukraine

Ph: Arthur Lahoda https://t.co/y4XWxVd74b","1468922527569358853","2021-12-09T12:36:36.000Z",FALSE
"ğŸ°Bilhorod-Dnistrovskyi fortress 

Built in 13th-14th centuries, it is the largest ancient fortress in Ukraine and a spectacular landmark for tourists from all over the globe.

ğŸ“ Bilhorod-Dnistrovskyi, Odesa region, Ukraine
#VisitUkraineNOW #BeautifulUkraine  
ğŸ“¸ ig: miishynin https://t.co/19NAgoJAUe","1468520474426716167","2021-12-08T09:58:59.000Z",FALSE
"https://t.co/bBtsdr7wmX","1468206078940823554","2021-12-07T13:09:41.000Z",FALSE
"1ï¸âƒ£2ï¸âƒ£1ï¸âƒ£ years ago on this day our great artist Kateryna Bilokur was born in Bohdanivka, Kyiv region.  

Inspired by folklore, she painted detailed pictures mostly with self-made cat hair and cherry twig brushes.

Picasso was amazed, when he saw her works exhibited in the LouvreğŸ–¼ https://t.co/3Cbem4Zyx4","1468151735013330947","2021-12-07T09:33:45.000Z",FALSE
"FYI https://t.co/cGxhpf2aEy","1467867359255871494","2021-12-06T14:43:44.000Z",FALSE
"ğŸ“¸: https://t.co/ynXIShnc7U","1467798348455366659","2021-12-06T10:09:31.000Z",FALSE
"Our prominent heart surgeon and inventor Mykola Amosov was born 1ï¸âƒ£0ï¸âƒ£8ï¸âƒ£ years ago OTD

He was the first to treat heart disease surgically in Ukraine. His innovative methods and devices saved numerous lives

Ukrainian National Institute of Cardiovascular Surgery is named after him https://t.co/c6b1bdUubF","1467797591035420679","2021-12-06T10:06:30.000Z",FALSE
"https://t.co/GnoYV7T8uM","1467480400939335682","2021-12-05T13:06:06.000Z",FALSE
"Famous Ukrainian pole vaulter, Olympic champion, President of @OlympicUA Serhii Bubka turns 5ï¸âƒ£8ï¸âƒ£ today.

Bubka was listed in @GWR for the most world records set by an individual in athletics (35!)ğŸ’«

His 1994 outdoor record of 6.14 stood for 26 years!

Proud!

Photos: @tribunaua https://t.co/dS1t1mHu7X","1467208033096945673","2021-12-04T19:03:49.000Z",FALSE
"Our legendary singer Nazariy Yaremchuk was born 7ï¸âƒ£0ï¸âƒ£ years ago OTD in Chernivtsi region.

His â€Chervona rutaâ€œ, â€Vodohraiâ€œ, â€Rodynaâ€œ, â€Stozharyâ€œ quickly became folk songs and still live on in peopleâ€˜s hearts.

Yaremchuk remains one of the most beloved Ukrainian song performers. https://t.co/LYyPo0TCdC","1465673365117714438","2021-11-30T13:25:35.000Z",FALSE
"2ï¸âƒ£4ï¸âƒ£3ï¸âƒ£ years ago on this day our remarkable writer, literary critic, journalist and playwright Hryhorii Kvitka-Osnovianenko was born in the vicinity of Kharkiv.

He founded prose fiction genre in Ukrainian literature and contributed greatly to the cultural development of Kharkiv. https://t.co/nRYUuHkt58","1465314526333653002","2021-11-29T13:39:41.000Z",FALSE
"Mesmerising autumn coloursğŸğŸŒ²ğŸŒ¾

ğŸ“Yaremche, Ivano-Frankivsk region, Ukraine

ğŸ“¸ ig: utah_names https://t.co/bRYo0mC0Sp","1465244696683372544","2021-11-29T09:02:13.000Z",FALSE
"Chag Hanukkah Sameach to our friends in @Israel and everyone celebrating today around the world!

ğŸ“¸: Menora on todayâ€™s foggy night in Kyiv https://t.co/kiA5Tm55jS","1465040140431245314","2021-11-28T19:29:23.000Z",FALSE
"@VottoPlantEmoji it did. just like your ban.","1464696881058045965","2021-11-27T20:45:23.000Z",FALSE
"Our eminent scientist, welding &amp; metal technology pioneer Borys Paton was born 1ï¸âƒ£0ï¸âƒ£3ï¸âƒ£ years ago OTD in Kyiv.

His inventions changed engineering and are nowadays widely used around the globe.

Paton led Ukraineâ€™s National Academy of Sciences for almost 6 decadesğŸ“

ğŸ“¸:@UKRINFORM https://t.co/PNb84jHpW3","1464677401791803400","2021-11-27T19:27:59.000Z",FALSE
"Invented by Lenin, perfected by Stalin, man-made famines were one of the ugliest Soviet dehumanisation crimes. 

Light a candle today and give a thought to the millions of innocent victims of Holodomor 1932-1933 - genocide against Ukrainians and crime against humanity. https://t.co/JXzk5Bq7kR","1464653467599917062","2021-11-27T17:52:53.000Z",FALSE
"Remarkable Ukrainian expressionist Abram Manevych was born 1ï¸âƒ£4ï¸âƒ£0ï¸âƒ£ years ago on this day.

He belongs to the galaxy of masters who stood at the origins of Ukrainian culture of the 20th century.

Manevych was among the founders of @NAAUkraine in 1917 and its first professors. https://t.co/Ti0fS3Z25c","1463867410306457608","2021-11-25T13:49:22.000Z",FALSE
"Great anatomist &amp; surgeon Mykola Pyrohov was born OTD in 1810.

He created the first atlas of topographical &amp; applied human anatomy, pioneered the use of anesthesia in surgery.

Since 1861 Pyrohov lived &amp; worked in ğŸ‡ºğŸ‡¦Vinnytsia. Today, his mansion is a museum well worth visiting. https://t.co/1dlQCSQ4dx","1463825957312212992","2021-11-25T11:04:39.000Z",FALSE
"when Russian officials deny they plan to attack Ukraine https://t.co/oIt5xP3ATy","1463237652048756742","2021-11-23T20:06:56.000Z",FALSE
"photos: Ihor Malitskyiâ€™s archive, Reuters, Milena Kovalska.","1463176885890953219","2021-11-23T16:05:28.000Z",FALSE
"Our legend, Ihor Malitskyi, passed away at the age of 96.

He was a man of unbreakable spirit and love of life, survivor of four Nazi death camps and a remarkable scientist.

Malitskyi was an inspiring public figure and a great patriot of Ukraine.

He will be sorely missed ğŸ•¯ https://t.co/Gipl7GNFym","1463176138893795334","2021-11-23T16:02:30.000Z",FALSE
"@Volyn_Youth_Lib https://t.co/OQzH2a96rz","1463096344474705923","2021-11-23T10:45:26.000Z",FALSE
"photos: Reuters.","1463080699855056905","2021-11-23T09:43:16.000Z",FALSE
"1ï¸âƒ£1ï¸âƒ£8ï¸âƒ£ years ago OTD our remarkable aircraft engine designer Oleksandr Ivchenko was born in Zaporizhzhia.

Ivchenko was a gifted innovator. His engine designs enabled many remarkable aircrafts, including Ukraineâ€™s An-22 â€˜Anteiâ€™, the worldâ€˜s largest turboprop-powered aircraft. https://t.co/vLBuw7ihuR","1463080332568240132","2021-11-23T09:41:48.000Z",FALSE
"@_krrivi_ @zla_kartoplia entj","1462864779085852676","2021-11-22T19:25:16.000Z",FALSE
"@sealandgirl @Russia consider youâ€™re married to Ukraine if you are a Ukrainian citizen ğŸ’›ğŸ’™","1462828978234875911","2021-11-22T17:03:01.000Z",FALSE
"can someone pls tell Viktor Yanukovych who still hides in @Russia that 13 years in prison will not serve themselves

#VisitUkraineNOW","1462788859406827528","2021-11-22T14:23:36.000Z",FALSE
"ğŸ“¸: https://t.co/wg8xfZgMjO","1462775105319325696","2021-11-22T13:28:56.000Z",FALSE
"2ï¸âƒ£9ï¸âƒ£9ï¸âƒ£ years ago OTD our world-famous philosopher Hryhorii Skovoroda was born in Poltava region.

His philosophy developed a unique study of a human being, happiness and self-knowledge.

Skovoroda arranged his tombstone to read â€˜The world tried to capture me, but didnâ€™t succeedâ€™. https://t.co/W69jRznFEl","1462774658680471554","2021-11-22T13:27:10.000Z",FALSE
"photos: Glavred, Reuters, Efrem Lukatsky, Denys Didenko.","1462345064231936001","2021-11-21T09:00:07.000Z",FALSE
"ğŸ‡ºğŸ‡¦âœŒï¸Happy Day of Freedom and Dignity

On this day the Orange Revolution in 2004 and the Revolution of Dignity in 2013 began.

Freedom and dignity are worth a winter on fire. https://t.co/fv1UFWN8kl","1462342960301887492","2021-11-21T08:51:45.000Z",FALSE
"Kyiv on a frosty November morningâ˜ƒï¸

ğŸ“Kyiv, Ukraine

ğŸ“¸ ig: ekaterinaa_leto https://t.co/NQGOsq3b49","1461953354402254848","2021-11-20T07:03:36.000Z",FALSE
"1ï¸âƒ£4ï¸âƒ£0ï¸âƒ£ years ago OTD prominent agronomist &amp; entomologist GregÃ³rio (Hryhorii) Bondar was born in Cherkasy region.

Bondar described up to 400 new ğŸŒ±plant and ğŸ¦—insect species. Dozens of them bear his name. He spent most of his professional life in Brazil and is buried in Salvador. https://t.co/ABDv2AsvOw","1461338139482542084","2021-11-18T14:18:57.000Z",FALSE
"ğŸš€European lightweight rocket Vega successfully deployed 3ï¸âƒ£ CERES Earth observation satellites from a launchpad in French Guiana.

Vegaâ€™s main engine unit was developed by Ukrainian @YuzhnoyeSDO and is manufactured by ğŸ‡ºğŸ‡¦Yuzhmash.

ğŸ¥: https://t.co/53oKYejzpo

ğŸ“¸: @YuzhnoyeSDO https://t.co/Xz9kTimgHL","1460929900995661825","2021-11-17T11:16:45.000Z",FALSE
"Kharkiv National University was founded on this day in 1804 by a prominent intellectual and public figure Vasyl Karazin.

3ï¸âƒ£ Nobel laureates â€” Ilya Mechnikov, Simon Kuznets and Lev Landau â€” studied and worked in @KarazinUniver ğŸ“

ğŸ–¼: Serhii Smetankin https://t.co/SbY0FXBdwb","1460901913701011463","2021-11-17T09:25:33.000Z",FALSE
"ğŸ“¸ ig: miishynin","1460563337431949313","2021-11-16T11:00:10.000Z",FALSE
"ğŸ° Pidhirtsi Castle

Constructed in 1635-1640, it is considered one of the best examples of combining a majestic palace with bastion fortifications in Europe.

Visit and discover mystical legends surrounding the castle (not afraid of ghostsğŸ‘»ğŸ¤ª?)

ğŸ“Pidhirtsi, Lviv region https://t.co/pRSRGyyp59","1460563258893611008","2021-11-16T10:59:51.000Z",FALSE
"ğŸ“¸: https://t.co/1COKQPIEYr","1459604200560771073","2021-11-13T19:28:54.000Z",FALSE
"Prominent human rights activist, dissident, leader of the Crimean Tatar people Mustafa Dzhemilev turns 78 today.

Soviets held him in prison camps for a total of 15 years, but couldnâ€™t stop him from fighting for his people.

Twice nominated for the Nobel Peace Prize (2009, 2011). https://t.co/rAGhGyuiNg","1459603967806218241","2021-11-13T19:27:58.000Z",FALSE
"In 1889 on this day our prominent writer and novelist Ostap Vyshnya was born in Sumy region. 

This talented master of Ukrainian satire and humour was a founder of a new literary genre - the grin.

Twice tried by the Bolsheviks in trumped-up cases in the 1920s and 1930s. https://t.co/YEdC9s8s1x","1459485757421273089","2021-11-13T11:38:15.000Z",FALSE
"Zmiiv cliffs along the Siverskyi DonetsğŸ›¶

ğŸ“Zmiiv, Kharkiv region, Ukraine

ğŸ“¸ ig: my_flying_shark https://t.co/tN2X9h3ACn","1458813793908273158","2021-11-11T15:08:06.000Z",FALSE
"ğŸ“Kyiv, Ukraine

ğŸ“¸ ig: emeciii","1458442635362897924","2021-11-10T14:33:15.000Z",FALSE
"A stunning view of the Holy Dormition Kyiv-Caves Lavra ğŸ‚ğŸâ›µï¸ğŸ‡ºğŸ‡¦

It is the first monastery on the territory of contemporary Ukraine and a true masterpiece of the world architectureğŸ›

Since 1990, the Lavraâ€™s architectural ensemble rightfully belongs to the @UNESCO World Heritage. https://t.co/sVi6oyieNN","1458442459600535561","2021-11-10T14:32:33.000Z",FALSE
"1ï¸âƒ£0ï¸âƒ£0ï¸âƒ£ years ago on this day our remarkable gymnast, worldâ€™s first 7ï¸âƒ£-time Olympic champion Viktor Chukarin was born in Khreshchatytske, Donetsk region.

During WWII, he survived 1ï¸âƒ£7ï¸âƒ£ Nazi concentration camps.

Today, he remains one of the world's most decorated gymnastsğŸ† https://t.co/S0st4PujVm","1458156141192613891","2021-11-09T19:34:49.000Z",FALSE
"This is #BeautifulUkraineğŸŒ»

ğŸ’™Druzhbivsky quarry

ğŸ“ Zhytomyr region

ğŸ“¸ ig: emeciii https://t.co/aUFh2Fqg4v","1458007510821085184","2021-11-09T09:44:13.000Z",FALSE
"The Dictation will be broadcast on Public Broadcasting platformsğŸŒ: 

âœ”ï¸Ukrainian Radio (https://t.co/UdE4kAAxrK)

âœ”ï¸Culture Radio (https://t.co/jH0A93SQJy)

âœ”ï¸UÎ›: ĞŸĞ•Ğ Ğ¨Ğ˜Ğ™ (https://t.co/6tfJnR3tg2)

âœ”ï¸Youtube (https://t.co/DtMywmazcD)

âœ”ï¸Facebook (https://t.co/QOQDcBeUPH)","1457780320405573639","2021-11-08T18:41:27.000Z",FALSE
"ğŸŸ¡ğŸ”µTo all Ukrainians around the globe and everyone learning the Ukrainian language:

ğŸ“¢ Join the Radio Dictation of National Unity ğŸ“–ğŸ–‹

ğŸ“šThis time, famous Ukrainian author Yurii Andrukhovych reads one of his own!

ğŸ—“Broadcasted on November 9th, 10-11 am Kyiv time. More info â¤µï¸","1457779948488314880","2021-11-08T18:39:58.000Z",FALSE
"Lake LemuriağŸ’—

ğŸ“Kherson region, Ukraine

ğŸ“¸: my_flying_shark https://t.co/OWPNnZW7LD","1457638980154007558","2021-11-08T09:19:49.000Z",FALSE
"ğŸ“¸: Ivan Ponomarenko / https://t.co/bmVTkNq2Fm","1457386822494003202","2021-11-07T16:37:50.000Z",FALSE
"In 1928 on this day, a 13-storey skyscraper, the Derzhprom, was inaugurated in Kharkiv. A true engineering marvel of its epoch and a prominent constructivist landmark.

Derzhprom is located in one of Europeâ€™s largest squares, the Freedom Square in Kharkiv city center. https://t.co/2Vrr9qLCM3","1457386514757849088","2021-11-07T16:36:36.000Z",FALSE
"ğŸ“¸: https://t.co/XiFYAeD2Kv","1456732677063720963","2021-11-05T21:18:29.000Z",FALSE
"On this day in 1953 Kyivâ€™s Paton bridge over the Dnipro river was inaugurated for traffic.

Built between 1941-1953, it is one of the world's first all-welded bridges and the longest one in Kyiv (1,543m). 

Named after its outstanding constructor and welding pioneer Yevhen Paton. https://t.co/3A6gHyz9pO","1456732027563171847","2021-11-05T21:15:54.000Z",FALSE
"â˜€ï¸ğŸ‚ğŸ„

ğŸ“Lake Barvinok, Lviv region

ğŸ“¸: Andriy Vasylyshyn https://t.co/qyiWyMYWEF","1456494579537137685","2021-11-05T05:32:22.000Z",FALSE
"1ï¸âƒ£6ï¸âƒ£0ï¸âƒ£ years ago #OTD passenger train 'Yaroslav' arrived to Lviv Railway Station from Vienna.

It was the first train to enter the territory of contemporary Ukraine, thus beginning the history of Ukrainian railways ğŸ›¤

Today, ğŸ‡ºğŸ‡¦@Ukrzaliznytsia &amp; ğŸ‡¦ğŸ‡¹@unsereOEBB run the connection. https://t.co/qwVoxixZhT","1456277642315919360","2021-11-04T15:10:20.000Z",FALSE
"https://t.co/KqLGDjZc73 https://t.co/qFxVG6NzbW","1455968301306236929","2021-11-03T18:41:08.000Z",FALSE
"p.s. sorry, @jksheva7, we love u too","1455550996621545476","2021-11-02T15:02:55.000Z",FALSE
"His Football Highness 
Valeriy Lobanovskyi (1939-2002) https://t.co/iOwctlkvYW https://t.co/5FiV9fetAE","1455550934398943236","2021-11-02T15:02:40.000Z",FALSE
"Fresh morning greetings from Carpathiansâ˜•ï¸ğŸğŸ¤

ğŸ“Bystrets village, Ivano-Frankivsk region 

ğŸ“¸: Oleksandr Kotenko https://t.co/M6WMYHkCvs","1455459752360677379","2021-11-02T09:00:20.000Z",FALSE
"Ukrainian WW2 hero Ivan Zaluzhnyi passed away yesterday at the age of 103ğŸ•¯

He survived Stalinâ€™s genocide, Holodomor, in 1932-1933, fought nazis in WWII, including in the Battle of Stalingrad. His only grandson was killed while defending Ukraine from Russian aggression in 2014. https://t.co/ncZ777JlYk","1455228081359269894","2021-11-01T17:39:46.000Z",FALSE
"ğŸ“¸: Ruslan Voznesenskyi, Maksym Starepravo, Valentyn Vais / https://t.co/bmVTkNq2Fm","1454830922491117568","2021-10-31T15:21:36.000Z",FALSE
"Black Sea ğŸŒŠ

ğŸ“Odesa, Ukraine https://t.co/td34A6KRbb","1454818697110040584","2021-10-31T14:33:01.000Z",FALSE
"https://t.co/UJ2CSuzA8u https://t.co/u7F8GhUXti","1454117248977805316","2021-10-29T16:05:43.000Z",FALSE
"your first six emojis...
...describe your life right now

ğŸ‡ºğŸ‡¦ğŸ‡ªğŸ‡ºğŸ¦¹â€â™€ï¸ğŸ‘©â€ğŸ’»ğŸ§‘ğŸ»â€ğŸŒ¾ğŸ¥£*

*borscht

p.s. show us yours","1454110839393374212","2021-10-29T15:40:14.000Z",FALSE
"Good morningâ˜€ï¸

ğŸŒ¾Wheat field with sheaves  

ğŸ“Ukraine, Europe
ğŸ“¸: Creative Travel Projects https://t.co/Txd8XZJk1S","1453937688126492672","2021-10-29T04:12:12.000Z",FALSE
"@disarmonia https://t.co/ruXsoR11F6","1453815960750727183","2021-10-28T20:08:30.000Z",FALSE
"ğŸ“¸: https://t.co/YXfXQM5kla","1453637749756600323","2021-10-28T08:20:21.000Z",FALSE
"8ï¸âƒ£5ï¸âƒ£ years ago on this day our renowned theatre director, actor &amp; screenwriter Roman Viktyuk was born in Lviv.

During his lifetime, Viktyuk staged more than 200 performances, many of them highly innovative, and contributed greatly to developing the global theatrical aesthetic ğŸ­ https://t.co/3dVPjxeANH","1453637574224977922","2021-10-28T08:19:39.000Z",FALSE
"ğŸ“The Carpathian Mountains

ğŸ“¸: Creative Travel Projects https://t.co/Qw09PDgBuC","1453377534054309892","2021-10-27T15:06:21.000Z",FALSE
"Genius Ukrainian composer Maksym Berezovsky was born OTD in 1745 in Hlukhiv, Sumy region.

He was one of the first foreigners to become an academician of the Philharmonic Academy of Bologna.

Berezovsky's name is minted on the marble plaque of the Academy next to Mozartâ€™s name. https://t.co/J0DyVtFBSJ","1453353869388439552","2021-10-27T13:32:19.000Z",FALSE
"Ph: @uainterest","1452627252194299906","2021-10-25T13:25:00.000Z",FALSE
"Remarkable artist and pedagogue Karpo Trokhymenko was born #OTD in 1885 in Sushchany, Kyiv region.

He went down in art history as a master of genre, historical and landscape painting.

Trokhymenko nurtured a number of talented artists who still continue his artistic traditions. https://t.co/5S2QVXMWqH","1452626831601983500","2021-10-25T13:23:19.000Z",FALSE
"Ph 2: @YuzhnoyeSDO 
Ph 3: https://t.co/BOdRb144la","1452547369363513347","2021-10-25T08:07:34.000Z",FALSE
"1ï¸âƒ£1ï¸âƒ£0ï¸âƒ£ years ago #OTD our prominent space rocket designer Mykhailo Yangel was born.

Yangel founded @YuzhnoyeSDO.

Situated in ğŸ‡ºğŸ‡¦Dnipro, it is one of the worldâ€™s most well-known designers of space technology, satellites &amp; rockets. The company honorably bears Yangelâ€™s name. https://t.co/q676aYmNPb","1452546936033193986","2021-10-25T08:05:51.000Z",FALSE
"Great political leader of the Cossack state, hetman Pylyp Orlyk was born #OTD in 1672.

In 1710 he created Ukraine's first Constitution. One of the worldâ€™s earliest constitutions. The document is on display till mid-November in Kyivâ€™s St.Sophia.
Thanx @swedense for providing itâ˜ºï¸ https://t.co/CJfvod4i5V","1451203837348364302","2021-10-21T15:08:51.000Z",FALSE
"Remarkable composer, pedagogue &amp; music critic Yakiv Stepovy was born #OTD in 1883 in Kharkiv.

Stepovy is one of the founders of the national school of composition.

He created songs and romances to the verses of our poets Taras Shevchenko, Lesia Ukrainka, Maksym Rylsky &amp; others. https://t.co/LMkrtc0SIo","1450922015381143563","2021-10-20T20:28:59.000Z",FALSE
"1ï¸âƒ£0ï¸âƒ£0ï¸âƒ£ years ago #OTD our renowned histologist, neuroscience theorist, encyclopedist and medical historian Yurii Kvitnytskyi-Ryzhov was born in Kyiv. https://t.co/8jXBk5gL03","1450902636660723713","2021-10-20T19:11:59.000Z",FALSE
"One of our most popular artists of the late 19th - early 20th century Serhii Vasylkivskyi was born #OTD in 1854 in Izum, Kharkiv region.

The artist left behind about 3500 works, mostly landscapes.

A painting of his family home stolen during WWII returned to Ukraine in 2019ğŸ‘‡ğŸ¼ https://t.co/zVDrE1vFF0","1450523988510269444","2021-10-19T18:07:22.000Z",FALSE
"Renowned Ukrainian economist, public figure and philanthropist Bohdan Hawrylyshyn was born #OTD in 1926 in Koropets, Ternopil region. 

He founded the International Institute of Management and organized economic discussions in Davos, which grew into @wef.

Ph: Dmytro Larin (UP) https://t.co/Od6gugF51T","1450409595466305536","2021-10-19T10:32:49.000Z",FALSE
"Prominent Ukrainian geologist, environmentalist, poet and translator Volodymyr Riznychenko was born #OTD in 1870 in Valentiiv, Chernihiv region.

In 1923 he initiated the creation of the Kaniv Nature Reserve, crucial for protecting unique ecosystems.

Ph: https://t.co/pW9TXCESgQ https://t.co/fRBX4buzgd","1450119637161623563","2021-10-18T15:20:38.000Z",FALSE
"Welcome @Stromaeâ€™s new official music video â€œSantÃ©â€ shot in Kyiv by a Ukrainian film service production company https://t.co/tUusnrzwRf ğŸ‘

ğŸŸ¡ğŸ”µ Ukraine remains among Europeâ€™s top destinations for video production ğŸ¥ https://t.co/J32nLhGEkK","1450056975866384386","2021-10-18T11:11:38.000Z",FALSE
"Ivan Drach would have turned 85 today. He was an outstanding Ukrainian poet, translator, playwright and a prominent fighter for Ukraineâ€™s independence.

His literary heritage is full of constant search and innovation. In 1976 he was awarded the Taras Shevchenko National Prize. https://t.co/k9FU7LScxh","1449814596701859851","2021-10-17T19:08:30.000Z",FALSE
"According to chronicles, #OTD in 1ï¸âƒ£1ï¸âƒ£1ï¸âƒ£3ï¸âƒ£ the construction of the Golden-Domed St. Michael's Cathedral was completed.

Fully destroyed by bolsheviks in 1934-36.

Rebuilt in 1990s after Ukraine restored independence.

Today, it remains one of Kyivâ€™s mesmerizing landmarks. https://t.co/gdwjl60cuJ","1449768184681320450","2021-10-17T16:04:05.000Z",FALSE
"Our great human rights champion Petro Hryhorenko was born OTD in 1907.

Red Army general &amp; WWII hero, after the war he openly opposed Soviet totalitarianism. Stripped of his general stars, imprisoned, tortured by punitive psychiatry. Yet never stopped fighting for human rights. https://t.co/O9PW4Me4O5","1449357684491309064","2021-10-16T12:52:54.000Z",FALSE
"Poet and singer Dmytro Lutsenko was born 1ï¸âƒ£0ï¸âƒ£0ï¸âƒ£ years ago on this day in Poltava region.

His heritage includes more than 10 poetry collections. 

Dmytro Lutsenko is the author of Ukraineâ€™s capital anthem, ""Kyiv My Town"". ğŸ§ https://t.co/VtV4o5MWTQ

#ProminentUkrainians https://t.co/jNd68tL532","1449066751434661888","2021-10-15T17:36:50.000Z",FALSE
"1ï¸âƒ£0ï¸âƒ£0ï¸âƒ£ years ago #OTD our legendary military pilot, WWII hero Vasyl Senko was born in Semenivka, Chernihiv region.

During WWII he held 402 successful combat missions deep behind enemy lines.

The only navigator who was twice awarded the â€˜Hero of the USSRâ€™ğŸ–

#ProminentUkrainians https://t.co/57wqFlohf1","1448917645689081864","2021-10-15T07:44:20.000Z",FALSE
"This nation is defended by brave Ukrainian men and women. October 14th is the day to thank them for their service. Glory to the heroes! https://t.co/PNd9z4DK8X","1448704481407942656","2021-10-14T17:37:18.000Z",FALSE
"- Players, open the case and check the contents

- @Russia: https://t.co/evRjUniwDJ","1447916847731515411","2021-10-12T13:27:32.000Z",FALSE
"taking refugees from @Facebook @instagram and @WhatsApp

welcome to @Ukraine","1445089472811577351","2021-10-04T18:12:33.000Z",FALSE
"Our âš½ï¸ legend Andriy Shevchenko @jksheva7 turns 45 today! Happy birthday, dear Sheva! https://t.co/Z7Iv4IV53j","1443313207578349579","2021-09-29T20:34:18.000Z",FALSE
"On #WorldTourismDay, 
TOP-5 reasons to #VisitUkraineNOW:

1ï¸âƒ£Amazing eventsğŸ· 
2ï¸âƒ£Stunning natural wondersğŸ”
3ï¸âƒ£OMG food &amp; wineğŸ¥‚
4ï¸âƒ£ADVENTURES!ğŸ¦„
5ï¸âƒ£SPA &amp; wellness centersğŸ§˜â€â™€ï¸

Planning a visit?
âœˆï¸ Check: https://t.co/LOmhG91jgG

Just lookin ğŸ‘€ğŸ“¸?
See here: https://t.co/9zGvqhzhj5 https://t.co/xi5a5eaVGM","1442538825016827910","2021-09-27T17:17:11.000Z",FALSE
"https://t.co/Zhzkk4GOtx https://t.co/HGdLmNJDyc","1442212645310844932","2021-09-26T19:41:04.000Z",FALSE
"ğŸ¥ŠğŸ† WHAT A VICTORY!

Ukrainian Cossack 
OLEKSANDR USYK

defeats Anthony Joshua 
and becomes the new

WBA, WBO, IBF 
HEAVYWEIGHT CHAMPION!!

Congratulations, @usykaa 
YOU ARE THE BEST ğŸ’›ğŸ’™ https://t.co/wOYR9hTEvl","1441890253875253253","2021-09-25T22:20:00.000Z",FALSE
"Prominent Ukrainian mathematician, mechanician and physicist Mykhailo Ostrogradsky was born 220 years ago OTD in Pashenivka, Poltava region. His work and discoveries in multiple mathematical fields have left a significant mark on the 19th century mathematics and other sciences. https://t.co/utdK9ILrMv","1441285626075103251","2021-09-24T06:17:25.000Z",FALSE
"ğŸ”Maniava Waterfall 

ğŸ“Ivano-Frankivsk region
ph: Tania Troyan / https://t.co/bmVTkNHDwU https://t.co/PEhfBAz8HV","1441087191245996046","2021-09-23T17:08:55.000Z",FALSE
"One of the brightest opera stars of the first half of the 20th century, genius Ukrainian soprano Solomiya Krushelnytska was born on this day in 1872 in Biliavyntsi, Ternopil region.   She performed at the worldâ€™s most prestigious venues, earning worldwide recognition and fame. https://t.co/wRlAIUPEB5","1440934041671274511","2021-09-23T07:00:21.000Z",FALSE
"@KamepinUa @MariyaMuzychuk our secret sponsor ğŸ¤«","1440379139412742155","2021-09-21T18:15:22.000Z",FALSE
"Happy birthday to our wonderful Ukrainian chess grandmaster Mariya Muzychuk, Women's World Chess Champion from April 2015 to March 2016 ğŸ† â™Ÿ https://t.co/mnbMtcJvzD","1440377254006046727","2021-09-21T18:07:52.000Z",FALSE
"Member of the Nazi Resistance Movement, Hero of Ukraine Tetyana Markus was born OTD 100 years ago.

Killed dozens of Nazi officers in occupied Kyiv by a grenade-bouquet (!), poisoning food, shooting.

Caught by Gestapo in 1942, tortured for 5 months and shot, but betrayed no one. https://t.co/OF5xHvKHxM","1440201660706410514","2021-09-21T06:30:08.000Z",FALSE
"ğŸ¡Hunterâ€™s House

ğŸ“Zbrui, Lviv region
  ph: Anna Paliukh / https://t.co/bmVTkNq2Fm https://t.co/wFAoxWvOK3","1439982923634167816","2021-09-20T16:00:57.000Z",FALSE
"@alexlitreev Ğ´Ğ¾Ğ²Ñ–Ñ‡Ğ½Ñƒ Ğ¿Ñ–Ğ´Ğ¿Ğ¸ÑĞºÑƒ Ñ†ÑŒĞ¾Ğ¼Ñƒ ÑĞ·ĞµÑ€Ñƒ

ÑˆÑ‚Ğ°Ğ¼Ğ¿
Ğ¿ĞµÑ‡Ğ°Ñ‚ĞºĞ°","1439681801107165185","2021-09-19T20:04:24.000Z",FALSE
"@alexlitreev Ñ‡Ğ¸Ğ¹ ĞšÑ€Ğ¸Ğ¼?","1439678830172639237","2021-09-19T19:52:35.000Z",FALSE
"@alexlitreev Ğ´Ğ°Ñ”Ğ¼Ğ¾ Ğ´Ğ¾Ğ²Ñ–Ñ‡Ğ½Ğµ Ñ†Ğ¸Ñ„Ñ€Ğ¾Ğ²Ğµ Ğ³Ñ€Ğ¾Ğ¼Ğ°Ğ´ÑĞ½ÑÑ‚Ğ²Ğ¾ Ñƒ Ğ¿Ñ–Ğ´Ğ¿Ğ¸ÑĞ½Ğ¸ĞºĞ°Ñ… @Ukraine, Ğ°Ğ»Ğµ ÑĞ¿ĞµÑ€ÑˆÑƒ Ñ‚Ñ€ĞµĞ±Ğ° Ğ²Ñ–Ğ´Ğ¿Ğ¾Ğ²Ñ–ÑÑ‚Ğ¸ Ğ½Ğ° Ğ¾Ğ´Ğ½Ğµ Ğ·Ğ°Ğ¿Ğ¸Ñ‚Ğ°Ğ½Ğ½Ñ","1439677708666015744","2021-09-19T19:48:08.000Z",FALSE
"@AMilanovsch https://t.co/G4szgA1vQC","1439188133204172801","2021-09-18T11:22:44.000Z",FALSE
"https://t.co/TgMPlWvBfN","1439179366190272514","2021-09-18T10:47:54.000Z",FALSE
"×ª×•×“×” ×¨×‘×” ×—×‘×¨×™×!
thanx, friends ğŸ‘‹ https://t.co/mvZqZ6PLPI","1430151297920012306","2021-08-24T12:53:35.000Z",FALSE
"Turning 30 today ğŸ’›ğŸ’™

Happy Independence Day to all Ukrainians across the globe!

To freedomğŸ¥‚

            ĞœĞ½Ğ¾Ğ³Ğ°Ñ Ğ»Ñ–Ñ‚Ğ°!

                       Glory to Ukraine!","1430149999971782683","2021-08-24T12:48:25.000Z",FALSE
"@HoFTeR_ @JeffBezos @blueorigin Or BorschtOrigin â˜ºï¸","1417537605198131203","2021-07-20T17:31:16.000Z",FALSE
"That was the reason @JeffBezos and the @blueorigin crew took a flight today, right? ğŸ˜‹ https://t.co/av23BufXwx","1417535404337680384","2021-07-20T17:22:31.000Z",FALSE
"ğŸŒ¿ğŸŒ¿ğŸŒ¿Get to know more about Kupala Night and how Ukrainians celebrate it ğŸ‘‡ https://t.co/XUtHdhW7yk","1412414452251643917","2021-07-06T14:13:41.000Z",FALSE
"ğŸ•ºweâ€™ve got a feeling that tonight's gonna beâ€¦
a magic night in UkraineğŸ”¥ğŸŒ¿

Kupala Night is an ancient Slavic holiday celebrating summer, sun &amp; the joy of life.

Flower wreaths, jumping over bonfires &amp; fortune-telling included.

ğŸ“¸: katatonia82 fotos123 Kalinovsky/depositphotos https://t.co/nRRb9AET8x","1412409287683489793","2021-07-06T13:53:10.000Z",FALSE
"ğŸ‡ºğŸ‡¦ğŸ‡ºğŸ‡¦ğŸ‡ºğŸ‡¦
            simply the best 
            !!!!!!!!!!!!!!!!!!!!!!!

Ukraine                    Sweden 
  âš½ï¸âš½ï¸                          âš½ï¸","1409988674826256398","2021-06-29T21:34:31.000Z",FALSE
